{"cameraMode":{"drawMode":0,"name":"Shaded","section":"Shading Mode"},"sceneLighting":true,"audioPlay":false,"sceneViewState":{"m_AlwaysRefresh":false,"showFog":true,"showSkybox":true,"showFlares":true,"showImageEffects":true,"showParticleSystems":true,"showVisualEffectGraphs":true,"m_FxEnabled":true},"in2DMode":false,"pivot":{"x":-29.516029357910158,"y":10.773447036743164,"z":13.982221603393555},"rotation":{"x":0.16998688876628877,"y":0.4123440682888031,"z":-0.07862449437379837,"w":0.8915895819664002},"size":5.2533745765686039,"orthographic":true}