{"cameraMode":{"drawMode":0,"name":"Shaded","section":"Shading Mode"},"sceneLighting":true,"audioPlay":false,"sceneViewState":{"m_AlwaysRefresh":false,"showFog":true,"showSkybox":true,"showFlares":true,"showImageEffects":true,"showParticleSystems":true,"showVisualEffectGraphs":true,"m_FxEnabled":true},"in2DMode":false,"pivot":{"x":-3.7911734580993654,"y":-0.2653171420097351,"z":14.69215202331543},"rotation":{"x":0.057695671916007999,"y":0.9410654306411743,"z":-0.20945286750793458,"w":0.25922831892967226},"size":6.188471794128418,"orthographic":true}